{"proto_loss": 0.6878319978713989, "proto_acc": 0.7899999618530273, "_runtime": 409, "_timestamp": 1640258099, "_step": 1142, "epoch_loss": 0.46272367238998413, "epoch_accuracy": 0.85999995470047, "lr": 2.384185791015625e-10, "val_loss": 0.4439554810523987, "val_accuracy": 0.8133333325386047, "_wandb": {"runtime": 407}}