{"proto_loss": 1.7597930431365967, "proto_acc": 0.5099999904632568, "_runtime": 19, "_timestamp": 1640255342, "_step": 7, "_wandb": {"runtime": 18}}