{"_step": 5392, "proto_loss": 0.5210350155830383, "val_accuracy": 0.8533333539962769, "_timestamp": 1640259790, "epoch_loss": 0.5210350155830383, "epoch_accuracy": 0.8299999833106995, "lr": 0.001, "_runtime": 1863, "val_loss": 0.505734384059906, "proto_acc": 0.8299999833106995}