{"_runtime": 453, "proto_acc": 0.7799999713897705, "val_accuracy": 0.8133333325386047, "_timestamp": 1640258321, "epoch_loss": 0.4627236723899842, "proto_loss": 0.6705235242843628, "epoch_accuracy": 0.85999995470047, "lr": 2.3841857910156245e-10, "_step": 1242, "val_loss": 0.4439554810523987, "_wandb": {"runtime": 447}}